"Issue Date","Issue No","Tenor","Weighted Average Rate"
"11/11/2024","2603","91","13.4496"
"04/11/2024","2602","91","13.9656"
"28/10/2024","2601","91","14.4321"
"21/10/2024","2600","91","14.7657"
"14/10/2024","2599","91","14.99"
"07/10/2024","2598","91","15.6855"
"30/09/2024","2597","91","15.7183"
"23/09/2024","2596","91","15.7463"
"16/09/2024","2595","91","15.7502"
"09/09/2024","2594","91","15.7677"
"02/09/2024","2593","91","15.7844"
"26/08/2024","2592","91","15.794"
"19/08/2024","2591","91","15.8094"
"12/08/2024","2590","91","15.8177"
"05/08/2024","2589","91","15.9884"
"29/07/2024","2588","91","16"
"22/07/2024","2587","91","16.0215"
"15/07/2024","2586","91","15.9954"
"08/07/2024","2585","91","15.9868"
"01/07/2024","2584","91","15.9771"
"24/06/2024","2583","91","15.9716"
"17/06/2024","2582","91","15.9719"
"10/06/2024","2581","91","15.9654"
"03/06/2024","2580","91","15.9545"
"27/05/2024","2579","91","15.9453"
"20/05/2024","2578","91","15.937"
"13/05/2024","2577","91","15.9036"
"06/05/2024","2576","91","15.8652"
"29/04/2024","2575","91","15.8232"
"22/04/2024","2574","91","15.8029"
"15/04/2024","2573","91","15.733"
"08/04/2024","2572","91","16.7243"
"01/04/2024","2571","91","16.729"
"25/03/2024","2570","91","16.7306"
"18/03/2024","2569","91","16.6976"
"11/03/2024","2568","91","16.6597"
"04/03/2024","2567","91","16.6218"
"26/02/2024","2566","91","16.5895"
"19/02/2024","2565","91","16.5539"
"12/02/2024","2564","91","16.5038"
"05/02/2024","2563","91","16.3747"
"29/01/2024","2562","91","16.2903"
"22/01/2024","2561","91","16.2347"
"15/01/2024","2560","91","16.1452"
"08/01/2024","2559","91","16.0589"
"01/01/2024","2558","91","15.9829"
"25/12/2023","2557","91","15.8831"
"18/12/2023","2556","91","15.7706"
"11/12/2023","2555","91","15.6348"
"04/12/2023","2554","91","15.5293"
"27/11/2023","2553","91","15.4426"
"20/11/2023","2552","91","15.3632"
"13/11/2023","2551","91","15.2867"
"06/11/2023","2550","91","15.1863"
"30/10/2023","2549","91","15.1112"
"23/10/2023","2548","91","15.0458"
"16/10/2023","2547","91","14.9604"
"09/10/2023","2546","91","14.8734"
"02/10/2023","2545","91","14.8206"
"25/09/2023","2544","91","14.7866"
"18/09/2023","2543","91","14.5151"
"11/09/2023","2542","91","14.2337"
"04/09/2023","2541","91","13.9851"
"28/08/2023","2540","91","13.7332"
"21/08/2023","2539","91","13.4754"
"14/08/2023","2538","91","13.1104"
"07/08/2023","2537","91","12.6855"
"31/07/2023","2536","91","12.352"
"17/07/2023","2534","91","12.109"
"10/07/2023","2533","91","12.014"
"03/07/2023","2532","91","11.904"
"26/06/2023","2531","91","11.785"
"19/06/2023","2530","91","11.64"
"12/06/2023","2529","91","11.414"
"05/06/2023","2528","91","11.103"
"29/05/2023","2527","91","10.832"
"22/05/2023","2526","91","10.518"
"15/05/2023","2525","91","10.41"
"08/05/2023","2524","91","10.318"
"01/05/2023","2523","91","10.275"
"24/04/2023","2522","91","10.159"
"17/04/2023","2521","91","10.072"
"10/04/2023","2520","91","10.004"
"03/04/2023","2519","91","9.907"
"27/03/2023","2518","91","9.829"
"20/03/2023","2517","91","9.78"
"13/03/2023","2516","91","9.742"
"06/03/2023","2515","91","9.698"
"27/02/2023","2514","91","9.655"
"20/02/2023","2513","91","9.623"
"13/02/2023","2512","91","9.601"
"06/02/2023","2511","91","9.581"
"30/01/2023","2510","91","9.538"
"23/01/2023","2509","91","9.474"
"16/01/2023","2508","91","9.425"
"09/01/2023","2507","91","9.392"
"02/01/2023","2506","91","9.369"
"26/12/2022","2505","91","9.37"
"19/12/2022","2504","91","9.356"
"12/12/2022","2503","91","9.327"
"05/12/2022","2502","91","9.275"
"28/11/2022","2501","91","9.237"
"21/11/2022","2500","91","9.191"
"14/11/2022","2499","91","9.173"
"07/11/2022","2498","91","9.139"
"31/10/2022","2497","91","9.127"
"24/10/2022","2496","91","9.1"
"17/10/2022","2495","91","9.058"
"10/10/2022","2494","91","9.036"
"03/10/2022","2493","91","8.952"
"26/09/2022","2492","91","8.951"
"19/09/2022","2491","91","8.95"
"12/09/2022","2490","91","8.91"
"05/09/2022","2489","91","8.86"
"29/08/2022","2488","91","8.767"
"22/08/2022","2487","91","8.669"
"15/08/2022","2486","91","8.565"
"08/08/2022","2485","91","8.473"
"01/08/2022","2484","91","8.399"
"25/07/2022","2483","91","8.322"
"18/07/2022","2482","91","8.248"
"11/07/2022","2481","91","8.167"
"04/07/2022","2480","91","8.097"
"27/06/2022","2479","91","8.013"
"20/06/2022","2478","91","7.925"
"13/06/2022","2477","91","7.866"
"06/06/2022","2476","91","7.811"
"30/05/2022","2475","91","7.744"
"23/05/2022","2474","91","7.758"
"16/05/2022","2473","91","7.683"
"09/05/2022","2472","91","7.58"
"02/05/2022","2471","91","7.497"
"25/04/2022","2470","91","7.448"
"18/04/2022","2469","91","7.424"
"11/04/2022","2468","91","7.377"
"04/04/2022","2467","91","7.302"
"28/03/2022","2466","91","7.283"
"21/03/2022","2465","91","7.252"
"14/03/2022","2464","91","7.206"
"07/03/2022","2463","91","7.265"
"28/02/2022","2462","91","7.254"
"21/02/2022","2461","91","7.25"
"14/02/2022","2460","91","7.285"
"07/02/2022","2459","91","7.317"
"31/01/2022","2458","91","7.343"
"24/01/2022","2457","91","7.331"
"17/01/2022","2456","91","7.309"
"10/01/2022","2455","91","7.345"
"03/01/2022","2454","91","7.271"
"27/12/2021","2453","91","7.264"
"20/12/2021","2452","91","7.265"
"13/12/2021","2451","91","7.28"
"06/12/2021","2450","91","7.232"
"29/11/2021","2449","91","7.181"
"22/11/2021","2448","91","7.114"
"15/11/2021","2447","91","7.07"
"08/11/2021","2446","91","7.097"
"01/11/2021","2445","91","7.04"
"25/10/2021","2444","91","7.02"
"18/10/2021","2443","91","6.952"
"11/10/2021","2442","91","6.935"
"04/10/2021","2441","91","6.895"
"27/09/2021","2440","91","6.896"
"20/09/2021","2439","91","6.87"
"13/09/2021","2438","91","6.781"
"06/09/2021","2437","91","6.774"
"30/08/2021","2436","91","6.741"
"23/08/2021","2435","91","6.599"
"16/08/2021","2434","91","6.527"
"09/08/2021","2433","91","6.513"
"02/08/2021","2432","91","6.486"
"26/07/2021","2431","91","6.477"
"19/07/2021","2430","91","6.52"
"12/07/2021","2429","91","6.614"
"05/07/2021","2428","91","6.728"
"28/06/2021","2427","91","6.86"
"21/06/2021","2426","91","7"
"14/06/2021","2425","91","7.104"
"07/06/2021","2424","91","7.137"
"31/05/2021","2423","91","7.139"
"24/05/2021","2422","91","7.155"
"17/05/2021","2421","91","7.156"
"10/05/2021","2420","91","7.152"
"03/05/2021","2419","91","7.139"
"26/04/2021","2418","91","7.115"
"19/04/2021","2417","91","7.108"
"12/04/2021","2416","91","7.096"
"05/04/2021","2415","91","7.085"
"29/03/2021","2414","91","7.087"
"22/03/2021","2413","91","7.071"
"15/03/2021","2412","91","7.024"
"08/03/2021","2411","91","7.024"
"01/03/2021","2410","91","6.931"
"22/02/2021","2409","91","6.911"
"15/02/2021","2408","91","6.905"
"08/02/2021","2407","91","6.873"
"01/02/2021","2406","91","6.897"
"25/01/2021","2405","91","6.983"
"18/01/2021","2404","91","6.884"
"11/01/2021","2403","91","6.895"
"04/01/2021","2402","91","6.906"
"28/12/2020","2401","91","6.929"
"21/12/2020","2400","91","6.916"
"14/12/2020","2399","91","6.901"
"07/12/2020","2398","91","6.861"
"30/11/2020","2397","91","6.73"
"23/11/2020","2396","91","6.706"
"16/11/2020","2395","91","6.674"
"09/11/2020","2394","91","6.666"
"02/11/2020","2393","91","6.653"
"26/10/2020","2392","91","6.589"
"19/10/2020","2391","91","6.52"
"12/10/2020","2390","91","6.468"
"05/10/2020","2389","91","6.4"
"28/09/2020","2388","91","6.309"
"21/09/2020","2387","91","6.273"
"14/09/2020","2386","91","6.267"
"07/09/2020","2385","91","6.295"
"31/08/2020","2384","91","6.273"
"24/08/2020","2383","91","6.257"
"17/08/2020","2382","91","6.2"
"10/08/2020","2381","91","6.123"
"03/08/2020","2380","91","6.121"
"27/07/2020","2379","91","6.112"
"20/07/2020","2378","91","6.011"
"13/07/2020","2377","91","6.274"
"06/07/2020","2376","91","6.546"
"29/06/2020","2375","91","6.7"
"22/06/2020","2374","91","7.089"
"15/06/2020","2373","91","7.259"
"08/06/2020","2372","91","7.325"
"01/06/2020","2371","91","7.333"
"25/05/2020","2370","91","7.319"
"18/05/2020","2369","91","7.266"
"11/05/2020","2368","91","7.253"
"04/05/2020","2367","91","7.242"
"27/04/2020","2366","91","7.212"
"20/04/2020","2365","91","7.201"
"13/04/2020","2364","91","7.209"
"06/04/2020","2363","91","7.22"
"30/03/2020","2362","91","7.24"
"23/03/2020","2361","91","7.275"
"16/03/2020","2360","91","7.313"
"09/03/2020","2359","91","7.31"
"02/03/2020","2358","91","7.315"
"24/02/2020","2357","91","7.319"
"17/02/2020","2356","91","7.314"
"10/02/2020","2355","91","7.3"
"03/02/2020","2354","91","7.296"
"27/01/2020","2353","91","7.279"
"20/01/2020","2352","91","7.232"
"13/01/2020","2351","91","7.2"
"06/01/2020","2350","91","7.2"
"30/12/2019","2349","91","7.2"
"23/12/2019","2348","91","7.177"
"16/12/2019","2347","91","7.151"
"09/12/2019","2346","91","7.162"
"02/12/2019","2345","91","7.162"
"25/11/2019","2344","91","7.131"
"18/11/2019","2343","91","6.68"
"04/11/2019","2341","91","6.39"
"04/11/2019","2341","91","6.39"
"28/10/2019","2340","91","6.424"
"21/10/2019","2339","91","6.362"
"14/10/2019","2338","91","6.369"
"07/10/2019","2337","91","6.378"
"30/09/2019","2336","91","6.307"
"23/09/2019","2335","91","6.368"
"16/09/2019","2334","91","6.315"
"09/09/2019","2333","91","6.375"
"02/09/2019","2332","91","6.385"
"26/08/2019","2331","91","6.398"
"19/08/2019","2330","91","6.355"
"12/08/2019","2329","91","6.449"
"05/08/2019","2328","91","6.547"
"29/07/2019","2327","91","6.592"
"22/07/2019","2326","91","6.498"
"15/07/2019","2325","91","6.6"
"08/07/2019","2324","91","6.685"
"01/07/2019","2323","91","6.738"
"24/06/2019","2322","91","6.814"
"17/06/2019","2321","91","6.895"
"10/06/2019","2320","91","6.915"
"03/06/2019","2319","91","6.995"
"27/05/2019","2318","91","7.085"
"20/05/2019","2317","91","7.16"
"13/05/2019","2316","91","7.196"
"06/05/2019","2315","91","7.25"
"29/04/2019","2314","91","7.298"
"22/04/2019","2313","91","7.305"
"15/04/2019","2312","91","7.397"
"08/04/2019","2311","91","7.444"
"01/04/2019","2310","91","7.5"
"25/03/2019","2309","91","7.697"
"18/03/2019","2308","91","6.837"
"11/03/2019","2307","91","6.883"
"04/03/2019","2306","91","6.886"
"25/02/2019","2305","91","6.963"
"18/02/2019","2304","91","7.016"
"11/02/2019","2303","91","7.04"
"04/02/2019","2302","91","7.061"
"28/01/2019","2301","91","7.122"
"21/01/2019","2300","91","7.134"
"14/01/2019","2299","91","7.2"
"07/01/2019","2298","91","7.316"
"31/12/2018","2297","91","7.342"
"24/12/2018","2296","91","7.341"
"17/12/2018","2295","91","7.348"
"10/12/2018","2294","91","7.343"
"03/12/2018","2293","91","7.342"
"26/11/2018","2292","91","7.342"
"19/11/2018","2291","91","7.347"
"12/11/2018","2290","91","7.349"
"05/11/2018","2289","91","7.387"
"29/10/2018","2288","91","7.494"
"22/10/2018","2287","91","7.507"
"15/10/2018","2286","91","7.594"
"08/10/2018","2285","91","7.6"
"01/10/2018","2284","91","7.609"
"24/09/2018","2283","91","7.618"
"17/09/2018","2282","91","7.642"
"10/09/2018","2281","91","7.649"
"03/09/2018","2280","91","7.658"
"27/08/2018","2279","91","7.614"
"20/08/2018","2278","91","7.664"
"13/08/2018","2277","91","7.668"
"06/08/2018","2276","91","7.611"
"30/07/2018","2275","91","7.608"
"23/07/2018","2274","91","7.656"
"16/07/2018","2273","91","7.701"
"09/07/2018","2272","91","7.725"
"02/07/2018","2271","91","7.733"
"25/06/2018","2270","91","7.725"
"18/06/2018","2269","91","7.821"
"11/06/2018","2268","91","7.85"
"04/06/2018","2267","91","7.938"
"28/05/2018","2266","91","7.939"
"21/05/2018","2265","91","7.95"
"14/05/2018","2264","91","7.967"
"07/05/2018","2263","91","7.974"
"30/04/2018","2262","91","8"
"23/04/2018","2261","91","8"
"16/04/2018","2260","91","8"
"09/04/2018","2259","91","8.006"
"02/04/2018","2258","91","8"
"26/03/2018","2257","91","8.005"
"19/03/2018","2256","91","8.023"
"12/03/2018","2255","91","8.026"
"05/03/2018","2254","91","8.029"
"26/02/2018","2253","91","8.032"
"19/02/2018","2252","91","8.033"
"12/02/2018","2251","91","8.045"
"05/02/2018","2250","91","8.005"
"29/01/2018","2249","91","8.004"
"22/01/2018","2248","91","8.004"
"15/01/2018","2247","91","8.049"
"08/01/2018","2246","91","8.08"
"01/01/2018","2245","91","8.08"
"25/12/2017","2244","91","8.005"
"18/12/2017","2243","91","8.001"
"11/12/2017","2242","91","8.011"
"04/12/2017","2241","91","8.011"
"27/11/2017","2240","91","8.011"
"20/11/2017","2239","91","8.008"
"13/11/2017","2238","91","8.015"
"06/11/2017","2237","91","8.015"
"30/10/2017","2236","91","8.011"
"23/10/2017","2235","91","8.078"
"16/10/2017","2234","91","8.097"
"09/10/2017","2233","91","8.129"
"02/10/2017","2232","91","8.13"
"25/09/2017","2231","91","8.129"
"18/09/2017","2230","91","8.134"
"11/09/2017","2229","91","8.13"
"04/09/2017","2228","91","8.139"
"28/08/2017","2227","91","8.148"
"21/08/2017","2226","91","8.153"
"14/08/2017","2225","91","8.199"
"07/08/2017","2224","91","8.196"
"31/07/2017","2223","91","8.202"
"24/07/2017","2222","91","8.205"
"17/07/2017","2221","91","8.205"
"10/07/2017","2220","91","8.221"
"03/07/2017","2219","91","8.284"
"26/06/2017","2218","91","8.31"
"19/06/2017","2217","91","8.325"
"19/06/2017","2217","91","8.325"
"12/06/2017","2216","91","8.459"
"05/06/2017","2215","91","8.54"
"29/05/2017","2214","91","8.606"
"22/05/2017","2213","91","8.677"
"15/05/2017","2112","91","8.726"
"08/05/2017","2211","91","8.759"
"01/05/2017","2210","91","8.778"
"24/04/2017","2209","91","8.779"
"17/04/2017","2208","91","8.773"
"10/04/2017","2207","91","8.769"
"03/04/2017","2206","91","8.756"
"06/03/2017","2202","91","8.628"
"27/02/2017","2201","91","8.618"
"20/02/2017","2200","91","8.631"
"13/02/2017","2199","91","8.656"
"30/01/2017","2197","91","8.662"
"23/01/2017","2196","91","8.661"
"16/01/2017","2195","91","8.648"
"09/01/2017","2194","91","8.552"
"02/01/2017","2193","91","8.553"
"26/12/2016","2192","91","8.561"
"19/12/2016","2191","91","8.484"
"12/12/2016","2190","91","8.359"
"05/12/2016","2189","91","8.362"
"28/11/2016","2188","91","8.326"
"21/11/2016","2187","91","8.331"
"14/11/2016","2186","91","7.96"
"14/11/2016","2186","91","8.23"
"07/11/2016","2185","91","8.113"
"31/10/2016","2184","91","8.03"
"31/10/2016","2184","91","8.03"
"24/10/2016","2183","91","7.696"
"24/10/2016","2183","91","7.696"
"17/10/2016","2182","91","7.719"
"17/10/2016","2182","91","7.719"
"10/10/2016","2181","91","7.759"
"10/10/2016","2181","91","7.759"
"03/10/2016","2180","91","7.816"
"03/10/2016","2180","91","7.816"
"26/09/2016","2179","91","7.89"
"26/09/2016","2179","91","7.89"
"19/09/2016","2178","91","7.986"
"19/09/2016","2178","91","7.986"
"12/09/2016","2177","91","8.087"
"12/09/2016","2177","91","8.087"
"05/09/2016","2176","91","8.258"
"05/09/2016","2176","91","8.258"
"29/08/2016","2175","91","8.607"
"29/08/2016","2175","91","8.607"
"22/08/2016","2174","91","8.609"
"22/08/2016","2174","91","8.609"
"15/08/2016","2173","91","8.541"
"15/08/2016","2173","91","8.541"
"08/08/2016","2172","91","8.349"
"08/08/2016","2172","91","8.349"
"01/08/2016","2171","91","8.293"
"01/08/2016","2171","91","8.293"
"25/07/2016","2170","91","7.919"
"25/07/2016","2170","91","7.919"
"18/07/2016","2169","91","7.649"
"18/07/2016","2169","91","7.649"
"11/07/2016","2168","91","7.027"
"11/07/2016","2168","91","7.027"
"04/07/2016","2167","91","7.045"
"04/07/2016","2167","91","7.045"
"27/06/2016","2166","91","7.059"
"27/06/2016","2166","91","7.059"
"20/06/2016","2165","91","7.161"
"20/06/2016","2165","91","7.161"
"13/06/2016","2164","91","7.303"
"13/06/2016","2164","91","7.303"
"06/06/2016","2163","91","7.477"
"06/06/2016","2163","91","7.477"
"30/05/2016","2162","91","7.711"
"30/05/2016","2162","91","7.711"
"23/05/2016","2161","91","7.998"
"23/05/2016","2161","91","7.998"
"16/05/2016","2160","91","8.189"
"16/05/2016","2160","91","8.189"
"09/05/2016","2159","91","8.332"
"09/05/2016","2159","91","8.332"
"02/05/2016","2158","91","8.581"
"02/05/2016","2158","91","8.581"
"25/04/2016","2157","91","8.77"
"25/04/2016","2157","91","8.77"
"18/04/2016","2156","91","8.942"
"18/04/2016","2156","91","8.942"
"11/04/2016","2155","91","9.001"
"11/04/2016","2155","91","9.001"
"04/04/2016","2154","91","8.965"
"04/04/2016","2154","91","8.965"
"28/03/2016","2153","91","8.41"
"28/03/2016","2153","91","8.41"
"21/03/2016","2152","91","8.597"
"21/03/2016","2152","91","8.597"
"14/03/2016","2151","91","8.807"
"14/03/2016","2151","91","8.807"
"07/03/2016","2150","91","9.06"
"07/03/2016","2150","91","9.06"
"29/02/2016","2149","91","9.316"
"29/02/2016","2149","91","9.316"
"22/02/2016","2148","91","9.938"
"22/02/2016","2148","91","9.938"
"15/02/2016","2147","91","10.835"
"11/02/2016","2147","91","10.835"
"08/02/2016","2146","91","11.361"
"04/02/2016","2146","91","11.361"
"01/02/2016","2145","91","11.702"
"01/02/2016","2145","91","11.702"
"25/01/2016","2144","91","11.756"
"25/01/2016","2144","91","11.756"
"18/01/2016","2143","91","11.434"
"18/01/2016","2143","91","11.434"
"11/01/2016","2142","91","11.398"
"11/01/2016","2142","91","11.398"
"04/01/2016","2141","91","10.845"
"04/01/2016","2141","91","10.845"
"28/12/2015","2140","91","10.406"
"28/12/2015","2140","91","10.406"
"21/12/2015","2139","91","9.946"
"21/12/2015","2139","91","9.946"
"14/12/2015","2138","91","9.667"
"14/12/2015","2138","91","9.667"
"07/12/2015","2137","91","9.218"
"07/12/2015","2137","91","9.218"
"30/11/2015","2136","91","9.21"
"23/11/2015","2135","91","9.578"
"23/11/2015","2135","91","9.578"
"23/11/2015","2136","91","9.21"
"16/11/2015","2134","91","9.654"
"09/11/2015","2133","91","13.763"
"09/11/2015","2134","91","9.654"
"09/11/2015","2133","91","13.763"
"02/11/2015","2132","91","19.471"
"26/10/2015","2131","91","22.492"
"26/10/2015","2132","91","19.471"
"19/10/2015","2131","91","22.492"
"19/10/2015","2130","91","22.133"
"19/10/2015","2130","91","22.133"
"12/10/2015","2129","91","21.353"
"05/10/2015","2128","91","20.637"
"05/10/2015","2129","91","21.353"
"05/10/2015","2128","91","20.637"
"28/09/2015","2127","91","18.607"
"28/09/2015","2127","91","18.607"
"21/09/2015","2126","91","14.486"
"14/09/2015","2125","91","13.858"
"14/09/2015","2126","91","14.486"
"14/09/2015","2125","91","13.858"
"07/09/2015","2124","91","11.502"
"07/09/2015","2124","91","11.502"
"31/08/2015","2123","91","11.512"
"24/08/2015","2122","91","11.565"
"24/08/2015","2123","91","11.512"
"17/08/2015","2122","91","11.565"
"17/08/2015","2121","91","11.496"
"17/08/2015","2121","91","11.496"
"20/07/2015","2117","91","11.327"
"13/07/2015","2116","91","11.285"
"13/07/2015","2116","91","11.285"
"13/07/2015","2117","91","11.327"
"06/07/2015","2115","91","8.165"
"06/07/2015","2115","91","8.165"
"29/06/2015","2114","91","8.274"
"29/06/2015","2114","91","8.274"
"22/06/2015","2113","91","8.317"
"15/06/2015","2112","91","8.312"
"15/06/2015","2113","91","8.317"
"08/06/2015","2112","91","8.312"
"08/06/2015","2111","91","8.224"
"08/06/2015","2111","91","8.224"
"01/06/2015","2110","91","8.162"
"01/06/2015","2110","91","8.162"
"25/05/2015","2109","91","8.124"
"18/05/2015","2108","91","8.167"
"18/05/2015","2108","91","8.167"
"18/05/2015","2109","91","8.124"
"11/05/2015","2107","91","8.357"
"11/05/2015","2107","91","8.357"
"04/05/2015","2106","91","8.378"
"04/05/2015","2106","91","8.378"
"27/04/2015","2105","91","8.406"
"27/04/2015","2105","91","8.406"
"20/04/2015","2104","91","8.408"
"13/04/2015","2103","91","8.422"
"13/04/2015","2104","91","8.408"
"13/04/2015","2103","91","8.422"
"06/04/2015","2102","91","8.454"
"30/03/2015","2101","91","8.438"
"30/03/2015","2101","91","8.438"
"30/03/2015","2102","91","8.454"
"23/03/2015","2100","91","8.447"
"23/03/2015","2100","91","8.447"
"16/03/2015","2099","91","8.453"
"16/03/2015","2099","91","8.453"
"09/03/2015","2098","91","8.463"
"09/03/2015","2098","91","8.463"
"02/03/2015","2097","91","8.645"
"02/03/2015","2097","91","8.645"
"23/02/2015","2096","91","8.64"
"16/02/2015","2095","91","8.563"
"16/02/2015","2096","91","8.64"
"09/02/2015","2095","91","8.563"
"09/02/2015","2094","91","8.582"
"02/02/2015","2093","91","8.572"
"02/02/2015","2093","91","8.572"
"02/02/2015","2094","91","8.582"
"26/01/2015","2092","91","8.684"
"26/01/2015","2092","91","8.684"
"19/01/2015","2091","91","8.601"
"19/01/2015","2091","91","8.601"
"12/01/2015","2090","91","8.529"
"12/01/2015","2090","91","8.529"
"05/01/2015","2089","91","8.532"
"29/12/2014","2088","91","8.571"
"29/12/2014","2089","91","8.532"
"29/12/2014","2088","91","8.571"
"22/12/2014","2087","91","8.513"
"22/12/2014","2087","91","8.513"
"15/12/2014","2086","91","8.595"
"15/12/2014","2086","91","8.595"
"08/12/2014","2085","91","8.615"
"01/12/2014","2084","91","8.605"
"01/12/2014","2085","91","8.615"
"24/11/2014","2084","91","8.605"
"24/11/2014","2083","91","8.597"
"24/11/2014","2083","91","8.597"
"17/11/2014","2082","91","8.609"
"17/11/2014","2082","91","8.609"
"10/11/2014","2081","91","8.696"
"10/11/2014","2081","91","8.696"
"03/11/2014","2080","91","8.67"
"03/11/2014","2080","91","8.67"
"27/10/2014","2079","91","8.706"
"27/10/2014","2079","91","8.706"
"20/10/2014","2078","91","8.715"
"13/10/2014","2077","91","8.614"
"13/10/2014","2077","91","8.614"
"13/10/2014","2078","91","8.715"
"06/10/2014","2076","91","8.63"
"06/10/2014","2076","91","8.63"
"29/09/2014","2075","91","8.653"
"22/09/2014","2074","91","8.637"
"22/09/2014","2075","91","8.653"
"22/09/2014","2074","91","8.637"
"15/09/2014","2073","91","8.219"
"15/09/2014","2073","91","8.219"
"08/09/2014","2072","91","8.187"
"08/09/2014","2072","91","8.187"
"01/09/2014","2071","91","8.2"
"01/09/2014","2071","91","8.2"
"25/08/2014","2070","91","8.209"
"25/08/2014","2070","91","8.209"
"18/08/2014","2069","91","8.234"
"18/08/2014","2069","91","8.234"
"11/08/2014","2068","91","8.244"
"11/08/2014","2068","91","8.244"
"04/08/2014","2067","91","8.475"
"28/07/2014","2066","91","8.694"
"28/07/2014","2067","91","8.475"
"28/07/2014","2066","91","8.694"
"21/07/2014","2065","91","9.274"
"21/07/2014","2065","91","9.274"
"14/07/2014","2064","91","9.727"
"14/07/2014","2064","91","9.727"
"07/07/2014","2063","91","11.408"
"07/07/2014","2063","91","11.408"
"30/06/2014","2062","91","11.438"
"30/06/2014","2062","91","11.438"
"23/06/2014","2061","91","10.25"
"23/06/2014","2061","91","10.25"
"16/06/2014","2060","91","9.275"
"09/06/2014","2059","91","9.283"
"09/06/2014","2060","91","9.275"
"09/06/2014","2059","91","9.283"
"02/06/2014","2058","91","8.802"
"26/05/2014","2057","91","8.885"
"26/05/2014","2058","91","8.802"
"19/05/2014","2056","91","8.845"
"19/05/2014","2057","91","8.885"
"19/05/2014","2056","91","8.845"
"12/05/2014","2055","91","8.756"
"12/05/2014","2055","91","8.756"
"05/05/2014","2054","91","8.799"
"05/05/2014","2054","91","8.799"
"28/04/2014","2053","91","8.783"
"28/04/2014","2053","91","8.783"
"21/04/2014","2052","91","8.757"
"21/04/2014","2052","91","8.757"
"14/04/2014","2051","91","8.825"
"14/04/2014","2051","91","8.825"
"07/04/2014","2050","91","8.847"
"31/03/2014","2049","91","8.852"
"31/03/2014","2050","91","8.847"
"24/03/2014","2048","91","8.882"
"24/03/2014","2049","91","8.852"
"24/03/2014","2048","91","8.882"
"17/03/2014","2047","91","8.946"
"17/03/2014","2047","91","8.946"
"10/03/2014","2046","91","9.011"
"03/03/2014","2045","91","9.189"
"03/03/2014","2046","91","9.011"
"03/03/2014","2045","91","9.189"
"24/02/2014","2044","91","9.116"
"24/02/2014","2044","91","9.116"
"17/02/2014","2043","91","9.154"
"17/02/2014","2043","91","9.154"
"10/02/2014","2042","91","9.182"
"03/02/2014","2041","91","9.187"
"03/02/2014","2042","91","9.182"
"27/01/2014","2041","91","9.187"
"27/01/2014","2040","91","9.174"
"20/01/2014","2039","91","9.167"
"20/01/2014","2040","91","9.174"
"20/01/2014","2039","91","9.167"
"13/01/2014","2038","91","9.315"
"13/01/2014","2038","91","9.315"
"06/01/2014","2037","91","9.38"
"06/01/2014","2037","91","9.38"
"30/12/2013","2036","91","9.4"
"23/12/2013","2035","91","9.405"
"23/12/2013","2035","91","9.405"
"23/12/2013","2036","91","9.4"
"16/12/2013","2034","91","9.432"
"09/12/2013","2033","91","9.631"
"09/12/2013","2034","91","9.432"
"02/12/2013","2033","91","9.631"
"02/12/2013","2032","91","9.76"
"25/11/2013","2031","91","9.816"
"25/11/2013","2032","91","9.76"
"18/11/2013","2030","91","9.979"
"18/11/2013","2031","91","9.816"
"18/11/2013","2030","91","9.979"
"11/11/2013","2029","91","9.999"
"04/11/2013","2028","91","9.984"
"04/11/2013","2029","91","9.999"
"04/11/2013","2028","91","9.984"
"28/10/2013","2027","91","9.943"
"28/10/2013","2027","91","9.943"
"21/10/2013","2026","91","9.792"
"21/10/2013","2026","91","9.792"
"14/10/2013","2025","91","9.772"
"14/10/2013","2025","91","9.772"
"07/10/2013","2024","91","9.36"
"30/09/2013","2023","91","9.109"
"30/09/2013","2024","91","9.36"
"30/09/2013","2023","91","9.109"
"23/09/2013","2022","91","9.139"
"16/09/2013","2021","91","9.235"
"16/09/2013","2021","91","9.235"
"16/09/2013","2022","91","9.139"
"09/09/2013","2020","91","9.928"
"09/09/2013","2020","91","9.928"
"02/09/2013","2019","91","10.474"
"02/09/2013","2019","91","10.474"
"26/08/2013","2018","91","10.462"
"19/08/2013","2017","91","10.498"
"19/08/2013","2018","91","10.462"
"19/08/2013","2017","91","10.498"
"12/08/2013","2016","91","10.406"
"05/08/2013","2015","91","8.754"
"05/08/2013","2015","91","8.754"
"05/08/2013","2016","91","10.406"
"29/07/2013","2014","91","6.863"
"29/07/2013","2014","91","6.863"
"22/07/2013","2013","91","6.293"
"22/07/2013","2013","91","6.293"
"15/07/2013","2012","91","5.759"
"15/07/2013","2012","91","5.759"
"08/07/2013","2011","91","5.496"
"08/07/2013","2011","91","5.496"
"01/07/2013","2010","91","5.175"
"01/07/2013","2010","91","5.175"
"24/06/2013","2009","91","5.11"
"24/06/2013","2009","91","5.11"
"17/06/2013","2008","91","5.424"
"17/06/2013","2008","91","5.424"
"10/06/2013","2007","91","6.721"
"03/06/2013","2006","91","7.569"
"03/06/2013","2007","91","6.721"
"03/06/2013","2006","91","7.569"
"27/05/2013","2005","91","8.482"
"27/05/2013","2005","91","8.482"
"20/05/2013","2004","91","9.376"
"20/05/2013","2004","91","9.376"
"13/05/2013","2003","91","9.887"
"13/05/2013","2003","91","9.887"
"06/05/2013","2002","91","10.104"
"29/04/2013","2001","91","10.206"
"29/04/2013","2001","91","10.206"
"29/04/2013","2002","91","10.104"
"22/04/2013","2000","91","10.258"
"15/04/2013","1999","91","10.423"
"15/04/2013","2000","91","10.258"
"15/04/2013","1999","91","10.423"
"08/04/2013","1998","91","10.541"
"08/04/2013","1998","91","10.541"
"01/04/2013","1997","91","10.467"
"25/03/2013","1996","91","10.318"
"25/03/2013","1996","91","10.318"
"25/03/2013","1997","91","10.467"
"18/03/2013","1995","91","10.097"
"11/03/2013","1994","91","9.747"
"11/03/2013","1995","91","10.097"
"04/03/2013","1994","91","9.747"
"04/03/2013","1993","91","9.368"
"25/02/2013","1992","91","8.928"
"25/02/2013","1993","91","9.368"
"18/02/2013","1991","91","8.213"
"18/02/2013","1992","91","8.928"
"18/02/2013","1991","91","8.213"
"11/02/2013","1990","91","8.229"
"11/02/2013","1990","91","8.229"
"04/02/2013","1989","91","8.164"
"28/01/2013","1988","91","8.036"
"28/01/2013","1989","91","8.164"
"28/01/2013","1988","91","8.036"
"21/01/2013","1987","91","8.052"
"21/01/2013","1987","91","8.052"
"14/01/2013","1986","91","8.105"
"14/01/2013","1986","91","8.105"
"07/01/2013","1985","91","8.122"
"07/01/2013","1985","91","8.122"
"31/12/2012","1984","91","8.138"
"31/12/2012","1984","91","8.138"
"24/12/2012","1983","91","8.142"
"17/12/2012","1982","91","8.174"
"17/12/2012","1982","91","8.174"
"17/12/2012","1983","91","8.142"
"10/12/2012","1981","91","8.339"
"03/12/2012","1980","91","8.445"
"03/12/2012","1981","91","8.339"
"03/12/2012","1980","91","8.445"
"26/11/2012","1979","91","8.987"
"26/11/2012","1979","91","8.987"
"19/11/2012","1978","91","9.621"
"19/11/2012","1978","91","9.621"
"12/11/2012","1977","91","10.346"
"05/11/2012","1976","91","10.237"
"05/11/2012","1977","91","10.346"
"05/11/2012","1976","91","10.237"
"29/10/2012","1975","91","9.945"
"29/10/2012","1975","91","9.945"
"22/10/2012","1974","91","9.437"
"15/10/2012","1973","91","8.962"
"15/10/2012","1973","91","8.962"
"15/10/2012","1974","91","9.437"
"08/10/2012","1972","91","8.439"
"08/10/2012","1972","91","8.439"
"01/10/2012","1971","91","8.093"
"24/09/2012","1970","91","7.647"
"24/09/2012","1971","91","8.093"
"17/09/2012","1970","91","7.647"
"17/09/2012","1969","91","7.515"
"10/09/2012","1968","91","7.808"
"10/09/2012","1969","91","7.515"
"10/09/2012","1968","91","7.808"
"03/09/2012","1967","91","8.119"
"01/09/2012","1933","91","20.696"
"27/08/2012","1967","91","8.119"
"27/08/2012","1966","91","8.583"
"27/08/2012","1966","91","8.583"
"20/08/2012","1965","91","10.267"
"20/08/2012","1965","91","10.267"
"13/08/2012","1964","91","12"
"06/08/2012","1963","91","12.864"
"06/08/2012","1964","91","12"
"06/08/2012","1963","91","12.864"
"30/07/2012","1962","91","13.226"
"23/07/2012","1961","91","12.929"
"23/07/2012","1962","91","13.226"
"23/07/2012","1961","91","12.929"
"16/07/2012","1960","91","12.001"
"16/07/2012","1960","91","12.001"
"09/07/2012","1959","91","10.835"
"09/07/2012","1959","91","10.835"
"02/07/2012","1958","91","10.78"
"02/07/2012","1958","91","10.78"
"25/06/2012","1957","91","10.675"
"18/06/2012","1956","91","10.537"
"18/06/2012","1956","91","10.537"
"18/06/2012","1957","91","10.675"
"11/06/2012","1955","91","9.801"
"11/06/2012","1955","91","9.801"
"04/06/2012","1954","91","9.336"
"28/05/2012","1953","91","9.865"
"28/05/2012","1954","91","9.336"
"21/05/2012","1953","91","9.865"
"21/05/2012","1952","91","10.075"
"14/05/2012","1951","91","11.381"
"14/05/2012","1952","91","10.075"
"14/05/2012","1951","91","11.381"
"07/05/2012","1950","91","13.382"
"07/05/2012","1950","91","13.382"
"30/04/2012","1949","91","14.992"
"30/04/2012","1949","91","14.992"
"23/04/2012","1948","91","15.93"
"23/04/2012","1948","91","15.93"
"16/04/2012","1947","91","16.078"
"16/04/2012","1947","91","16.078"
"09/04/2012","1946","91","16.34"
"09/04/2012","1946","91","16.34"
"02/04/2012","1945","91","16.728"
"26/03/2012","1944","91","17.006"
"26/03/2012","1945","91","16.728"
"26/03/2012","1944","91","17.006"
"19/03/2012","1943","91","17.461"
"12/03/2012","1942","91","17.983"
"12/03/2012","1942","91","17.983"
"12/03/2012","1943","91","17.461"
"05/03/2012","1941","91","18.745"
"27/02/2012","1940","91","19.152"
"27/02/2012","1941","91","18.745"
"27/02/2012","1940","91","19.152"
"20/02/2012","1939","91","19.332"
"13/02/2012","1938","91","19.807"
"13/02/2012","1939","91","19.332"
"06/02/2012","1938","91","19.807"
"06/02/2012","1937","91","20.503"
"06/02/2012","1937","91","20.503"
"01/02/2012","1932","91","19.905"
"30/01/2012","1936","91","20.614"
"30/01/2012","1936","91","20.614"
"23/01/2012","1935","91","20.769"
"23/01/2012","1935","91","20.769"
"16/01/2012","1934","91","20.799"
"16/01/2012","1934","91","20.799"
"09/01/2012","1933","91","20.696"
"02/01/2012","1932","91","19.905"
"28/11/2011","1927","91","16.601"
"21/11/2011","1926","91","16.202"
"14/11/2011","1925","91","15.998"
"07/11/2011","1924","91","15.743"
"31/10/2011","1923","91","15.313"
"24/10/2011","1922","91","15.091"
"17/10/2011","1921","91","14.997"
"10/10/2011","1920","91","14.836"
"03/10/2011","1919","91","13.741"
"26/09/2011","1918","91","13.193"
"19/09/2011","1917","91","12.57"
"12/09/2011","1916","91","11.685"
"05/09/2011","1915","91","10.281"
"29/08/2011","1914","91","9.708"
"22/08/2011","1913","91","9.258"
"15/08/2011","1912","91","9.145"
"08/08/2011","1911","91","9.015"
"01/08/2011","1910","91","9.01"
"25/07/2011","1909","91","9.004"
"18/07/2011","1908","91","8.999"
"11/07/2011","1907","91","8.954"
"04/07/2011","1906","91","8.988"
"27/06/2011","1905","91","8.995"
"20/06/2011","1904","91","9.006"
"13/06/2011","1903","91","9.016"
"06/06/2011","1902","91","8.798"
"30/05/2011","1901","91","7.942"
"23/05/2011","1900","91","6.409"
"16/05/2011","1899","91","4.796"
"09/05/2011","1898","91","4.018"
"02/05/2011","1897","91","3.577"
"25/04/2011","1896","91","3.524"
"18/04/2011","1895","91","3.461"
"11/04/2011","1894","91","3.157"
"04/04/2011","1893","91","2.989"
"28/03/2011","1892","91","2.905"
"21/03/2011","1891","91","2.784"
"14/03/2011","1890","91","2.76"
"07/03/2011","1889","91","2.627"
"28/02/2011","1888","91","2.603"
"21/02/2011","1887","91","2.592"
"14/02/2011","1886","91","2.595"
"07/02/2011","1885","91","2.555"
"31/01/2011","1884","91","2.519"
"24/01/2011","1883","91","2.455"
"17/01/2011","1882","91","2.409"
"03/01/2011","1881","91","2.357"
"20/12/2010","1855","91","2.313"
"06/12/2010","1861","91","2.239"
"22/11/2010","1859","91","2.242"
"08/11/2010","1857","91","2.18"
"25/10/2010","1855","91","2.116"
"11/10/2010","1860","91","2.125"
"27/09/2010","1858","91","2.022"
"13/09/2010","1856","91","2.047"
"30/08/2010","1854","91","2.075"
"16/08/2010","1872","91","1.852"
"02/08/2010","1870","91","1.566"
"19/07/2010","1854","91","1.462"
"05/07/2010","1852","91","1.733"
"21/06/2010","1850","91","2.62"
"07/06/2010","1855","91","3.343"
"24/05/2010","1853","91","3.971"
"10/05/2010","1851","91","4.454"
"26/04/2010","1849","91","4.883"
"12/04/2010","1856","91","5.45"
"29/03/2010","1854","91","5.74"
"15/03/2010","1852","91","6.052"
"01/03/2010","1850","91","6.139"
"15/02/2010","1848","91","6.199"
"01/02/2010","1853","91","6.226"
"18/01/2010","1851","91","6.502"
"04/01/2010","1849","91","6.612"
"21/12/2009","1847","91","6.71"
"07/12/2009","1853","91","6.937"
"23/11/2009","1851","91","7.198"
"09/11/2009","1849","91","7.232"
"26/10/2009","1847","91","7.264"
"12/10/2009","1851","91","7.248"
"28/09/2009","1849","91","7.303"
"14/09/2009","1847","91","7.272"
"31/08/2009","1845","91","7.223"
"17/08/2009","1844","91","7.261"
"03/08/2009","1843","91","7.263"
"20/07/2009","1842","91","7.264"
"06/07/2009","1841","91","7.178"
"29/06/2009","2073","91","7.057"
"22/06/2009","2071","91","7.367"
"15/06/2009","2069","91","7.309"
"08/06/2009","2067","91","7.431"
"01/06/2009","2065","91","7.494"
"25/05/2009","2063","91","7.507"
"18/05/2009","2061","91","7.549"
"11/05/2009","2059","91","7.358"
"04/05/2009","2057","91","7.381"
"27/04/2009","2055","91","7.314"
"20/04/2009","2053","91","7.338"
"13/04/2009","2051","91","7.341"
"06/04/2009","2049","91","7.355"
"30/03/2009","2047","91","7.359"
"23/03/2009","2045","91","7.36"
"16/03/2009","2043","91","7.292"
"09/03/2009","2041","91","7.294"
"02/03/2009","2039","91","7.235"
"23/02/2009","2037","91","7.157"
"16/02/2009","2035","91","7.346"
"09/02/2009","2033","91","7.7"
"02/02/2009","2031","91","7.991"
"26/01/2009","2029","91","8.391"
"19/01/2009","2027","91","8.445"
"12/01/2009","2025","91","8.488"
"05/01/2009","2023","91","8.533"
"29/12/2008","2021","91","8.537"
"22/12/2008","2019","91","8.604"
"15/12/2008","2017","91","8.557"
"08/12/2008","2015","91","8.619"
"01/12/2008","2013","91","8.623"
"24/11/2008","2011","91","8.57"
"17/11/2008","2009","91","8.522"
"10/11/2008","2007","91","8.362"
"03/11/2008","2005","91","8.12"
"27/10/2008","2003","91","7.786"
"20/10/2008","2001","91","7.767"
"13/10/2008","1999","91","7.758"
"06/10/2008","1997","91","7.695"
"29/09/2008","1995","91","7.697"
"22/09/2008","1993","91","7.66"
"15/09/2008","1991","91","7.689"
"08/09/2008","1989","91","7.686"
"01/09/2008","1987","91","7.741"
"25/08/2008","1985","91","7.812"
"18/08/2008","1983","91","7.946"
"11/08/2008","1981","91","8.1"
"04/08/2008","1979","91","8.21"
"28/07/2008","1977","91","8.213"
"21/07/2008","1975","91","8.134"
"14/07/2008","1973","91","7.953"
"07/07/2008","1971","91","7.824"
"30/06/2008","1969","91","7.854"
"23/06/2008","1967","91","7.781"
"16/06/2008","1965","91","7.64"
"09/06/2008","1963","91","7.64"
"02/06/2008","1961","91","7.716"
"26/05/2008","1959","91","7.758"
"19/05/2008","1957","91","7.691"
"12/05/2008","1955","91","7.764"
"05/05/2008","1953","91","7.837"
"28/04/2008","1951","91","7.656"
"21/04/2008","1949","91","7.392"
"14/04/2008","1947","91","7.36"
"07/04/2008","1945","91","6.976"
"31/03/2008","1943","91","6.878"
"24/03/2008","1941","91","6.863"
"17/03/2008","1939","91","6.868"
"10/03/2008","1937","91","6.894"
"03/03/2008","1935","91","6.956"
"25/02/2008","1933","91","7.069"
"18/02/2008","1931","91","7.291"
"11/02/2008","1929","91","7.424"
"04/02/2008","1927","91","7.334"
"28/01/2008","1925","91","7.115"
"21/01/2008","1923","91","6.999"
"14/01/2008","1921","91","6.891"
"07/01/2008","1919","91","6.796"
"24/12/2007","1917","91","6.892"
"17/12/2007","1915","91","6.839"
"10/12/2007","1913","91","6.865"
"03/12/2007","1911","91","6.875"
"26/11/2007","1909","91","6.925"
"19/11/2007","1907","91","7.298"
"12/11/2007","1905","91","7.932"
"05/11/2007","1903","91","7.922"
"29/10/2007","1901","91","7.724"
"22/10/2007","1899","91","7.674"
"15/10/2007","1897","91","7.556"
"08/10/2007","1895","91","7.452"
"01/10/2007","1893","91","7.346"
"24/09/2007","1891","91","7.341"
"17/09/2007","1889","91","7.332"
"10/09/2007","1887","91","7.352"
"03/09/2007","1885","91","7.361"
"27/08/2007","1883","91","7.384"
"20/08/2007","1881","91","7.37"
"13/08/2007","1879","91","7.342"
"06/08/2007","1877","91","7.084"
"30/07/2007","1875","91","6.902"
"23/07/2007","1873","91","6.565"
"16/07/2007","1871","91","6.463"
"09/07/2007","1869","91","6.345"
"02/07/2007","1867","91","6.345"
"25/06/2007","1865","91","6.398"
"18/06/2007","1863","91","6.487"
"11/06/2007","1861","91","6.575"
"04/06/2007","1859","91","6.643"
"28/05/2007","1857","91","6.744"
"21/05/2007","1855","91","6.774"
"14/05/2007","1853","91","6.782"
"07/05/2007","1851","91","6.795"
"30/04/2007","1849","91","6.795"
"23/04/2007","1847","91","6.797"
"16/04/2007","1845","91","6.653"
"09/04/2007","1843","91","6.51"
"02/04/2007","1841","91","6.474"
"26/03/2007","1839","91","6.43"
"19/03/2007","1837","91","6.351"
"12/03/2007","1835","91","6.262"
"05/03/2007","1833","91","6.219"
"26/02/2007","1831","91","6.242"
"19/02/2007","1829","91","6.245"
"12/02/2007","1827","91","6.214"
"05/02/2007","1825","91","6.193"
"29/01/2007","1823","91","6.129"
"22/01/2007","1821","91","6.081"
"15/01/2007","1819","91","5.991"
"08/01/2007","1817","91","5.921"
"01/01/2007","1815","91","5.876"
"25/12/2006","1813","91","5.831"
"18/12/2006","1811","91","5.763"
"11/12/2006","1809","91","5.636"
"04/12/2006","1807","91","5.68"
"27/11/2006","1805","91","5.857"
"20/11/2006","1803","91","6.25"
"13/11/2006","1801","91","6.648"
"06/11/2006","1799","91","6.898"
"30/10/2006","1797","91","6.914"
"23/10/2006","1795","91","6.898"
"16/10/2006","1793","91","6.849"
"09/10/2006","1791","91","6.79"
"02/10/2006","1789","91","6.681"
"25/09/2006","1787","91","6.62"
"18/09/2006","1785","91","6.511"
"11/09/2006","1783","91","6.388"
"04/09/2006","1781","91","6.293"
"28/08/2006","1779","91","6.134"
"21/08/2006","1777","91","5.993"
"14/08/2006","1775","91","5.849"
"07/08/2006","1773","91","5.845"
"31/07/2006","1771","91","5.708"
"24/07/2006","1769","91","5.74"
"17/07/2006","1767","91","5.895"
"10/07/2006","1765","91","6.001"
"03/07/2006","1763","91","6.129"
"26/06/2006","1761","91","6.312"
"19/06/2006","1759","91","6.547"
"12/06/2006","1757","91","6.686"
"05/06/2006","1755","91","6.84"
"29/05/2006","1753","91","6.971"
"22/05/2006","1751","91","7.079"
"15/05/2006","1749","91","7.099"
"08/05/2006","1747","91","7.082"
"01/05/2006","1745","91","6.841"
"24/04/2006","1743","91","6.791"
"17/04/2006","1741","91","6.951"
"10/04/2006","1739","91","7.088"
"03/04/2006","1737","91","7.233"
"27/03/2006","1735","91","7.345"
"20/03/2006","1733","91","7.622"
"13/03/2006","1731","91","7.686"
"06/03/2006","1729","91","7.763"
"27/02/2006","1727","91","7.859"
"20/02/2006","1725","91","7.945"
"13/02/2006","1723","91","8.085"
"06/02/2006","1721","91","8.21"
"30/01/2006","1719","91","8.247"
"23/01/2006","1717","91","8.245"
"16/01/2006","1715","91","8.258"
"09/01/2006","1713","91","8.261"
"02/01/2006","1711","91","8.155"
"26/12/2005","1709","91","8.14"
"19/12/2005","1707","91","8.14"
"12/12/2005","1705","91","8.043"
"05/12/2005","1703","91","7.956"
"28/11/2005","1701","91","7.858"
"21/11/2005","1699","91","7.855"
"14/11/2005","1697","91","7.807"
"07/11/2005","1695","91","7.853"
"31/10/2005","1693","91","7.944"
"24/10/2005","1691","91","8.057"
"17/10/2005","1689","91","8.217"
"10/10/2005","1687","91","8.317"
"03/10/2005","1685","91","8.406"
"26/09/2005","1683","91","8.488"
"19/09/2005","1681","91","8.536"
"12/09/2005","1679","91","8.622"
"05/09/2005","1677","91","8.663"
"29/08/2005","1675","91","8.693"
"22/08/2005","1673","91","8.661"
"15/08/2005","1671","91","8.663"
"08/08/2005","1669","91","8.63"
"01/08/2005","1667","91","8.63"
"25/07/2005","1665","91","8.592"
"18/07/2005","1663","91","8.597"
"11/07/2005","1661","91","8.573"
"04/07/2005","1659","91","8.586"
"27/06/2005","1657","91","8.462"
"20/06/2005","1655","91","8.486"
"13/06/2005","1653","91","8.497"
"06/06/2005","1651","91","8.563"
"30/05/2005","1649","91","8.641"
"23/05/2005","1647","91","8.662"
"16/05/2005","1645","91","8.666"
"09/05/2005","1643","91","8.67"
"02/05/2005","1641","91","8.66"
"25/04/2005","1639","91","8.663"
"18/04/2005","1637","91","8.687"
"11/04/2005","1635","91","8.699"
"04/04/2005","1633","91","8.673"
"28/03/2005","1631","91","8.62"
"21/03/2005","1629","91","8.612"
"14/03/2005","1627","91","8.636"
"07/03/2005","1625","91","8.652"
"28/02/2005","1623","91","8.659"
"21/02/2005","1621","91","8.615"
"14/02/2005","1619","91","8.634"
"07/02/2005","1617","91","8.44"
"31/01/2005","1615","91","8.301"
"24/01/2005","1613","91","8.216"
"17/01/2005","1611","91","8.277"
"10/01/2005","1609","91","8.247"
"03/01/2005","1607","91","8.254"
"27/12/2004","1606","91","8.291"
"13/12/2004","1668","91","8.65"
"06/12/2004","1666","91","7.189"
"29/11/2004","1664","91","6.259"
"22/11/2004","1662","91","5.182"
"15/11/2004","1660","91","4.748"
"08/11/2004","1658","91","4.6"
"01/11/2004","1656","91","4.518"
"25/10/2004","1654","91","4.5"
"18/10/2004","1652","91","4.332"
"11/10/2004","1650","91","3.732"
"04/10/2004","1648","91","3.236"
"27/09/2004","1646","91","2.906"
"20/09/2004","1644","91","2.779"
"13/09/2004","1642","91","2.7"
"06/09/2004","1640","91","2.609"
"30/08/2004","1638","91","2.487"
"23/08/2004","1636","91","2.405"
"16/08/2004","1634","91","2.256"
"09/08/2004","1632","91","2.177"
"02/08/2004","1630","91","2.011"
"26/07/2004","1628","91","1.876"
"19/07/2004","1626","91","1.701"
"12/07/2004","1624","91","1.613"
"05/07/2004","1622","91","1.636"
"28/06/2004","1620","91","1.717"
"21/06/2004","1618","91","1.978"
"14/06/2004","1616","91","2.065"
"07/06/2004","1614","91","2.299"
"31/05/2004","1612","91","2.6"
"24/05/2004","1610","91","2.937"
"17/05/2004","1608","91","2.992"
"10/05/2004","1606","91","2.984"
"03/05/2004","1604","91","2.838"
"26/04/2004","1602","91","2.611"
"19/04/2004","1600","91","2.17"
"12/04/2004","1598","91","1.927"
"05/04/2004","1596","91","1.732"
"29/03/2004","1594","91","1.623"
"22/03/2004","1592","91","1.582"
"15/03/2004","1590","91","1.589"
"08/03/2004","1588","91","1.59"
"01/03/2004","1586","91","1.574"
"23/02/2004","1584","91","1.534"
"16/02/2004","1582","91","1.554"
"09/02/2004","1580","91","1.591"
"02/02/2004","1578","91","1.606"
"26/01/2004","1576","91","1.614"
"19/01/2004","1574","91","1.601"
"12/01/2004","1572","91","1.59"
"05/01/2004","1570","91","1.515"
"29/12/2003","1568","91","1.405"
"22/12/2003","1566","91","1.46"
"15/12/2003","1564","91","1.412"
"08/12/2003","1562","91","1.526"
"01/12/2003","1560","91","1.488"
"24/11/2003","1558","91","1.381"
"17/11/2003","1556","91","1.357"
"10/11/2003","1554","91","1.249"
"03/11/2003","1552","91","1.133"
"27/10/2003","1550","91","1.074"
"20/10/2003","1548","91","1.038"
"13/10/2003","1546","91","0.93"
"06/10/2003","1544","91","0.98"
"29/09/2003","1542","91","0.849"
"22/09/2003","1540","91","0.783"
"15/09/2003","1539","91","0.832"
"08/09/2003","1538","91","0.84"
"01/09/2003","1537","91","0.844"
"25/08/2003","1536","91","0.843"
"18/08/2003","1535","91","1.036"
"11/08/2003","1534","91","1.364"
"04/08/2003","1533","91","1.48"
"28/07/2003","1532","91","1.522"
"21/07/2003","1604","91","1.542"
"14/07/2003","1602","91","1.547"
"07/07/2003","1600","91","1.537"
"30/06/2003","1598","91","1.763"
"23/06/2003","1596","91","2.027"
"16/06/2003","1594","91","2.524"
"09/06/2003","1592","91","3.854"
"02/06/2003","1590","91","4.823"
"26/05/2003","1588","91","5.399"
"19/05/2003","1586","91","5.782"
"12/05/2003","1584","91","6.008"
"05/05/2003","1582","91","6.184"
"28/04/2003","1580","91","6.336"
"21/04/2003","1578","91","6.324"
"14/04/2003","1576","91","6.264"
"07/04/2003","1574","91","6.091"
"31/03/2003","1572","91","5.796"
"24/03/2003","1570","91","5.816"
"17/03/2003","1568","91","6.115"
"10/03/2003","1566","91","6.481"
"03/03/2003","1564","91","6.989"
"24/02/2003","1562","91","7.402"
"17/02/2003","1560","91","7.623"
"10/02/2003","1558","91","7.921"
"03/02/2003","1556","91","8.149"
"27/01/2003","1554","91","8.291"
"20/01/2003","1552","91","8.352"
"13/01/2003","1550","91","8.415"
"06/01/2003","1548","91","8.478"
"30/12/2002","1546","91","8.419"
"23/12/2002","1544","91","8.373"
"16/12/2002","1542","91","8.393"
"09/12/2002","1540","91","8.365"
"02/12/2002","1538","91","8.338"
"25/11/2002","1536","91","8.283"
"18/11/2002","1534","91","8.245"
"11/11/2002","1532","91","8.303"
"04/11/2002","1530","91","8.363"
"28/10/2002","1528","91","8.409"
"21/10/2002","1526","91","8.281"
"14/10/2002","1524","91","8.036"
"07/10/2002","1522","91","7.535"
"30/09/2002","1520","91","7.265"
"23/09/2002","1518","91","7.241"
"16/09/2002","1516","91","7.575"
"09/09/2002","1514","91","7.848"
"02/09/2002","1512","91","8.075"
"26/08/2002","1510","91","8.293"
"19/08/2002","1508","91","8.322"
"12/08/2002","1506","91","8.315"
"05/08/2002","1504","91","8.428"
"29/07/2002","1502","91","8.611"
"22/07/2002","1500","91","8.74"
"15/07/2002","1498","91","8.779"
"08/07/2002","1496","91","8.732"
"01/07/2002","1494","91","8.306"
"24/06/2002","1492","91","7.498"
"17/06/2002","1490","91","7.006"
"10/06/2002","1488","91","7.132"
"03/06/2002","1486","91","7.716"
"27/05/2002","1484","91","8.329"
"20/05/2002","1482","91","8.868"
"13/05/2002","1480","91","9.315"
"06/05/2002","1478","91","9.647"
"29/04/2002","1476","91","9.818"
"22/04/2002","1474","91","9.982"
"15/04/2002","1472","91","10.078"
"08/04/2002","1470","91","10.097"
"01/04/2002","1468","91","10.075"
"25/03/2002","1466","91","10.045"
"18/03/2002","1464","91","10.051"
"11/03/2002","1462","91","10.147"
"04/03/2002","1460","91","10.333"
"25/02/2002","1458","91","10.469"
"18/02/2002","1457","91","10.565"
"11/02/2002","1456","91","10.67"
"04/02/2002","1455","91","10.74"
"28/01/2002","1454","91","10.805"
"21/01/2002","1453","91","10.836"
"14/01/2002","1452","91","10.881"
"07/01/2002","1451","91","10.897"
"31/12/2001","1450","91","10.854"
"24/12/2001","1449","91","10.81"
"17/12/2001","1448","91","10.982"
"10/12/2001","1447","91","11.135"
"03/12/2001","1446","91","11.281"
"26/11/2001","1445","91","11.447"
"19/11/2001","1444","91","11.516"
"12/11/2001","1443","91","11.52"
"05/11/2001","1442","91","11.507"
"29/10/2001","1441","91","11.504"
"22/10/2001","1440","91","11.446"
"15/10/2001","1439","91","11.509"
"08/10/2001","1438","91","11.703"
"01/10/2001","1437","91","11.981"
"24/09/2001","1436","91","12.141"
"17/09/2001","1435","91","12.281"
"10/09/2001","1434","91","12.49"
"03/09/2001","1433","91","12.661"
"27/08/2001","1432","91","12.777"
"20/08/2001","1431","91","12.802"
"13/08/2001","1430","91","12.839"
"06/08/2001","1429","91","12.937"
"30/07/2001","1428","91","12.944"
"23/07/2001","1427","91","12.937"
"16/07/2001","1426","91","12.898"
"09/07/2001","1425","91","12.803"
"02/07/2001","1424","91","12.784"
"25/06/2001","1423","91","12.433"
"18/06/2001","1422","91","12.293"
"11/06/2001","1421","91","11.993"
"04/06/2001","1420","91","11.559"
"28/05/2001","1419","91","10.342"
"21/05/2001","1418","91","10.059"
"14/05/2001","1417","91","10.514"
"07/05/2001","1416","91","11.152"
"30/04/2001","1415","91","11.799"
"23/04/2001","1414","91","12.397"
"16/04/2001","1413","91","12.954"
"09/04/2001","1412","91","13.426"
"02/04/2001","1411","91","13.92"
"26/03/2001","1410","91","14.418"
"19/03/2001","1409","91","14.802"
"12/03/2001","1408","91","15.288"
"05/03/2001","1407","91","15.379"
"26/02/2001","1406","91","15.401"
"19/02/2001","1405","91","15.319"
"12/02/2001","1404","91","15.261"
"05/02/2001","1403","91","15.208"
"29/01/2001","1402","91","15.122"
"22/01/2001","1401","91","14.987"
"15/01/2001","1400","91","14.872"
"08/01/2001","1399","91","14.64"
"01/01/2001","1398","91","14.157"
"25/12/2000","1397","91","13.474"
"18/12/2000","1396","91","12.96"
"11/12/2000","1395","91","12.763"
"04/12/2000","1394","91","12.407"
"27/11/2000","1393","91","11.796"
"20/11/2000","1392","91","11.118"
"13/11/2000","1391","91","10.931"
"06/11/2000","1390","91","10.824"
"30/10/2000","1389","91","10.806"
"23/10/2000","1388","91","10.729"
"16/10/2000","1387","91","10.616"
"09/10/2000","1386","91","10.547"
"02/10/2000","1385","91","10.57"
"25/09/2000","1384","91","10.588"
"18/09/2000","1383","91","10.367"
"11/09/2000","1382","91","10.337"
"04/09/2000","1381","91","10.149"
"28/08/2000","1380","91","9.7"
"21/08/2000","1379","91","9.099"
"14/08/2000","1378","91","8.96"
"07/08/2000","1377","91","9.222"
"31/07/2000","1376","91","9.523"
"24/07/2000","1375","91","9.817"
"17/07/2000","1374","91","10.003"
"10/07/2000","1373","91","10.118"
"03/07/2000","1372","91","10.061"
"26/06/2000","1371","91","10.005"
"19/06/2000","1370","91","10.279"
"12/06/2000","1369","91","10.614"
"05/06/2000","1368","91","10.998"
"29/05/2000","1367","91","11.16"
"22/05/2000","1366","91","11.055"
"15/05/2000","1365","91","11.014"
"08/05/2000","1364","91","11.276"
"01/05/2000","1363","91","11.606"
"24/04/2000","1362","91","12.089"
"17/04/2000","1361","91","12.534"
"10/04/2000","1360","91","12.76"
"03/04/2000","1359","91","12.386"
"27/03/2000","1358","91","11.902"
"20/03/2000","1357","91","11.357"
"13/03/2000","1356","91","10.911"
"06/03/2000","1355","91","10.943"
"28/02/2000","1354","91","12.271"
"21/02/2000","1353","91","14.128"
"14/02/2000","1352","91","15.706"
"07/02/2000","1351","91","17.271"
"31/01/2000","1350","91","18.92"
"24/01/2000","1349","91","19.998"
"17/01/2000","1348","91","20.65"
"10/01/2000","1347","91","20.969"
"03/01/2000","1346","91","20.938"
"27/12/1999","1345","91","20.467"
"20/12/1999","1344","91","20.086"
"13/12/1999","1343","91","19.784"
"06/12/1999","1342","91","19.561"
"29/11/1999","1341","91","18.691"
"22/11/1999","1340","91","18.312"
"15/11/1999","1339","91","18.092"
"08/11/1999","1338","91","17.84"
"01/11/1999","1337","91","17.742"
"25/10/1999","1336","91","17.793"
"18/10/1999","1335","91","17.716"
"11/10/1999","1334","91","17.622"
"04/10/1999","1333","91","17.379"
"27/09/1999","1332","91","16.737"
"20/09/1999","1331","91","15.908"
"13/09/1999","1330","91","15.299"
"06/09/1999","1329","91","15.166"
"30/08/1999","1328","91","14.935"
"23/08/1999","1327","91","14.9"
"16/08/1999","1326","91","14.881"
"09/08/1999","1325","91","14.787"
"02/08/1999","1324","91","14.709"
"26/07/1999","1323","91","14.806"
"19/07/1999","1322","91","14.683"
"12/07/1999","1321","91","14.373"
"05/07/1999","1320","91","14.025"
"28/06/1999","1319","91","13.404"
"21/06/1999","1318","91","12.264"
"14/06/1999","1317","91","10.324"
"07/06/1999","1316","91","9.777"
"31/05/1999","1315","91","9.585"
"24/05/1999","1314","91","9.669"
"17/05/1999","1313","91","9.753"
"10/05/1999","1312","91","9.667"
"03/05/1999","1311","91","9.457"
"26/04/1999","1310","91","9.274"
"19/04/1999","1309","91","9.058"
"12/04/1999","1308","91","8.808"
"05/04/1999","1307","91","8.973"
"29/03/1999","1306","91","9.239"
"22/03/1999","1305","91","9.453"
"15/03/1999","1304","91","9.069"
"08/03/1999","1303","91","8.61"
"01/03/1999","1302","91","7.853"
"22/02/1999","1301","91","7.965"
"15/02/1999","1300","91","8.594"
"08/02/1999","1299","91","9.242"
"01/02/1999","1298","91","9.999"
"25/01/1999","1297","91","10.594"
"18/01/1999","1296","91","10.775"
"11/01/1999","1295","91","10.737"
"04/01/1999","1294","91","10.706"
"28/12/1998","1293","91","11.068"
"21/12/1998","1292","91","11.882"
"14/12/1998","1291","91","12.959"
"07/12/1998","1290","91","14.349"
"30/11/1998","1289","91","15.786"
"23/11/1998","1288","91","16.896"
"16/11/1998","1287","91","17.765"
"09/11/1998","1286","91","18.6"
"02/11/1998","1285","91","19.265"
"26/10/1998","1284","91","19.816"
"19/10/1998","1283","91","20.244"
"12/10/1998","1282","91","20.878"
"05/10/1998","1281","91","21.408"
"28/09/1998","1280","91","21.996"
"21/09/1998","1279","91","22.355"
"14/09/1998","1278","91","22.612"
"07/09/1998","1277","91","22.933"
"31/08/1998","1276","91","23.196"
"24/08/1998","1275","91","23.549"
"17/08/1998","1274","91","23.796"
"10/08/1998","1273","91","23.988"
"03/08/1998","1272","91","24.174"
"27/07/1998","1271","91","24.453"
"20/07/1998","1270","91","24.575"
"13/07/1998","1269","91","24.744"
"06/07/1998","1268","91","24.916"
"29/06/1998","1267","91","25.116"
"22/06/1998","1266","91","25.402"
"15/06/1998","1265","91","25.424"
"08/06/1998","1264","91","25.698"
"01/06/1998","1263","91","25.736"
"25/05/1998","1262","91","25.995"
"18/05/1998","1261","91","26.279"
"11/05/1998","1260","91","26.477"
"04/05/1998","1259","91","26.773"
"27/04/1998","1258","91","26.962"
"20/04/1998","1257","91","26.992"
"13/04/1998","1256","91","26.99"
"06/04/1998","1255","91","26.98"
"30/03/1998","1254","91","26.903"
"23/03/1998","1253","91","26.893"
"16/03/1998","1252","91","26.77"
"09/03/1998","1251","91","26.606"
"02/03/1998","1250","91","26.507"
"23/02/1998","1249","91","26.407"
"16/02/1998","1248","91","26.345"
"09/02/1998","1247","91","26.301"
"02/02/1998","1246","91","26.252"
"26/01/1998","1245","91","26.277"
"19/01/1998","1244","91","26.269"
"12/01/1998","1243","91","26.31"
"05/01/1998","1242","91","26.273"
"29/12/1997","1241","91","26.273"
"22/12/1997","1240","91","26.386"
"15/12/1997","1239","91","26.343"
"08/12/1997","1238","91","26.363"
"01/12/1997","1237","91","26.48"
"24/11/1997","1236","91","26.505"
"17/11/1997","1235","91","26.63"
"10/11/1997","1234","91","26.845"
"03/11/1997","1233","91","27.147"
"27/10/1997","1232","91","27.204"
"20/10/1997","1231","91","27.142"
"13/10/1997","1230","91","27.089"
"06/10/1997","1229","91","27.154"
"29/09/1997","1228","91","27.162"
"22/09/1997","1227","91","26.761"
"15/09/1997","1226","91","26.104"
"08/09/1997","1225","91","25.686"
"01/09/1997","1224","91","25.263"
"25/08/1997","1223","91","23.576"
"18/08/1997","1222","91","18.783"
"11/08/1997","1221","91","18.199"
"04/08/1997","1220","91","18.22"
"28/07/1997","1219","91","18.269"
"21/07/1997","1218","91","18.338"
"14/07/1997","1217","91","18.471"
"07/07/1997","1216","91","18.72"
"30/06/1997","1215","91","18.961"
"23/06/1997","1214","91","19.246"
"16/06/1997","1213","91","19.422"
"09/06/1997","1212","91","19.677"
"03/06/1997","1211","91","19.904"
"26/05/1997","1210","91","20.149"
"19/05/1997","1209","91","20.298"
"12/05/1997","1208","91","20.398"
"05/05/1997","1207","91","20.56"
"28/04/1997","1206","91","20.786"
"21/04/1997","1205","91","20.9"
"14/04/1997","1204","91","20.991"
"07/04/1997","1203","91","21.179"
"01/04/1997","1202","91","21.256"
"24/03/1997","1201","91","21.363"
"17/03/1997","1200","91","21.404"
"10/03/1997","1199","91","21.45"
"03/03/1997","1198","91","21.465"
"24/02/1997","1197","91","21.546"
"17/02/1997","1196","91","21.55"
"10/02/1997","1195","91","21.447"
"03/02/1997","1194","91","21.202"
"27/01/1997","1193","91","21.625"
"20/01/1997","1192","91","21.633"
"13/01/1997","1191","91","21.575"
"06/01/1997","1190","91","21.604"